{"cameraMode":{"drawMode":0,"name":"Shaded","section":"Shading Mode"},"sceneLighting":true,"audioPlay":false,"sceneViewState":{"m_AlwaysRefresh":false,"showFog":true,"showSkybox":true,"showFlares":true,"showImageEffects":true,"showParticleSystems":true,"showVisualEffectGraphs":true,"m_FxEnabled":true},"in2DMode":false,"pivot":{"x":-10.693951606750489,"y":-23.623310089111329,"z":65.13511657714844},"rotation":{"x":-0.17162038385868073,"y":0.061132702976465228,"z":-0.01067114807665348,"w":-0.9832099080085754},"size":42.343509674072269,"orthographic":false}